input,output
Pantalla 4K con control por voz y sistema operativo webOS,Electrónica > Televisores > Smart TV
Camisa slim fit blanca de algodón,Moda > Hombre > Camisas
Sofá seccional de tela gris para sala moderna,Hogar > Sala > Sofás
Smart TV LG 55 pulgadas 4K UHD con HDR,Electrónica > Televisores > Smart TV
Camisa de vestir para hombre manga larga azul,Moda > Hombre > Camisas
Televisor inteligente Samsung con conexión Wi-Fi y apps,Electrónica > Televisores > Smart TV
Vestido formal negro con encaje para evento de noche,Moda > Mujer > Vestidos
Altavoz inalámbrico con batería recargable,Electrónica > Audio > Bocinas
Sala modular con espacio para 5 personas,Hogar > Sala > Sofás
Frigobar compacto ideal para oficina o recámara,Hogar > Cocina > Refrigeradores
Ultrabook ligera con pantalla táctil y Windows 11,Electrónica > Computadoras > Laptops
Par de bocinas estéreo para exteriores,Electrónica > Audio > Bocinas
Refrigerador Samsung con tecnología inverter,Hogar > Cocina > Refrigeradores
Refrigerador Whirlpool de 14 pies cúbicos con congelador superior,Hogar > Cocina > Refrigeradores
Vestido corto casual con bolsillos laterales,Moda > Mujer > Vestidos
Bocina bluetooth portátil con sonido envolvente,Electrónica > Audio > Bocinas
Camisa casual a cuadros con botones frontales,Moda > Hombre > Camisas
Computadora portátil Lenovo con SSD de 512GB,Electrónica > Computadoras > Laptops
Vestido largo de verano con estampado floral,Moda > Mujer > Vestidos
Sofá cama multifuncional con almacenaje oculto,Hogar > Sala > Sofás
Laptop HP con procesador Ryzen 5 y 8GB RAM,Electrónica > Computadoras > Laptops
